Date,TSN,TGT,ACN,AAPL,MRNA,ZBRA,EXPD,META,UNH,SBUX
2022-01-03,85.7804,227.144,401.729,178.878,235.05,583.9,129.231,338.54,475.621,113.97
2022-01-04,87.4809,229.319,398.851,176.613,233.06,587.6,128.509,336.53,464.841,111.585
2022-01-05,87.6566,224.115,391.828,171.912,215.23,558.18,128.125,324.17,463.701,107.873
2022-01-06,88.7504,226.554,372.91,169.042,216.06,555.16,128.401,332.46,444.718,108.561
2022-01-07,88.9173,225.994,365.757,169.212,213.86,530.86,126.583,331.79,434.258,105.075
2022-01-10,88.6826,222.708,367.989,169.232,233.7,535.41,123.283,328.07,440.32,103.573
2022-01-11,88.8977,222.837,370.062,172.068,221.39,538.57,123.45,334.37,444.11,101.63
2022-01-12,88.663,219.818,373.078,172.511,222.89,538.44,123.748,333.26,448.573,101.463
2022-01-13,91.0666,221.155,357.434,169.232,210.17,525.8,122.404,326.48,442.618,100.019
2022-01-14,91.6037,216.808,349.507,170.101,204.73,528.0,120.239,331.9,443.813,97.7909
2022-01-18,91.5644,215.451,344.487,166.875,186.61,516.72,118.955,318.15,436.519,95.4613
2022-01-19,90.5777,219.198,339.993,163.376,174.07,513.11,117.601,319.59,437.973,94.6209
2022-01-20,88.3793,217.123,338.952,161.681,167.52,501.42,115.655,316.56,438.422,93.4978
2022-01-21,87.8618,212.746,331.968,159.611,160.07,494.18,114.796,303.17,436.691,94.074
2022-01-24,88.5648,216.011,335.301,158.831,157.3,490.56,116.86,308.71,437.736,95.8226
2022-01-25,88.2134,210.228,331.303,157.039,152.54,474.0,113.402,300.15,432.588,94.7583
2022-01-26,88.4971,207.327,326.293,156.951,154.96,475.7,111.07,294.63,434.099,93.3613
2022-01-27,87.9503,207.78,329.726,156.488,148.62,473.23,109.43,294.64,437.099,93.1071
2022-01-28,89.2002,213.159,339.11,167.396,159.47,492.57,111.752,301.71,441.315,94.9537
2022-01-31,88.7995,215.864,349.725,171.772,169.33,509.12,113.116,313.26,447.489,96.0376
2022-02-01,88.9655,214.683,349.567,171.605,172.74,509.48,113.086,319.0,443.547,96.4676
2022-02-02,89.2689,213.1,355.549,172.818,169.61,517.01,112.918,323.0,454.309,95.4613
2022-02-03,88.2428,208.802,341.779,169.931,163.95,508.3,109.746,237.76,462.826,93.7128
2022-02-04,86.2595,209.608,343.714,169.642,163.01,503.09,108.432,237.09,457.519,92.7948
2022-02-07,96.8113,206.913,340.211,168.923,160.27,498.34,108.245,224.91,458.022,92.9804
2022-02-08,96.4402,208.537,341.313,172.039,153.31,491.7,108.273,220.18,467.215,92.7163
2022-02-09,96.45,212.156,351.65,173.468,164.03,506.02,110.27,232.0,471.66,94.8751
2022-02-10,95.6292,209.411,338.654,169.38,160.42,466.63,108.531,228.07,460.88,93.5694
2022-02-11,95.7362,207.178,325.589,165.947,161.32,441.74,105.942,219.55,452.751,92.0184
2022-02-14,92.6984,204.249,322.573,166.185,142.47,426.42,105.734,217.7,449.218,91.9397
2022-02-15,91.7991,203.767,325.817,170.041,151.12,434.94,106.159,221.0,452.845,92.7841
2022-02-16,92.2782,204.386,330.083,169.801,151.81,430.97,106.1,216.54,454.564,93.4418
2022-02-17,91.0666,200.639,319.389,166.185,146.36,423.5,104.796,207.71,445.371,91.3507
2022-02-18,90.1476,201.022,317.682,164.628,145.74,420.31,104.954,206.16,442.978,91.6355
2022-02-22,90.3145,193.115,317.613,161.701,144.97,409.76,102.484,202.08,437.963,91.4097
2022-02-23,89.8747,186.77,309.746,157.523,135.73,399.29,100.587,198.45,435.219,88.0128
2022-02-24,88.2526,188.394,312.722,160.145,156.23,415.33,103.778,207.6,431.685,89.348
2022-02-25,91.2228,195.937,318.991,162.224,151.33,418.07,104.094,210.48,450.499,90.8893
2022-02-28,90.9772,196.479,312.573,162.489,153.6,413.34,102.128,211.03,450.614,90.1137
2022-03-01,92.126,215.814,307.961,160.596,149.52,405.58,100.3,203.49,450.965,88.4939
2022-03-02,93.314,221.195,314.855,163.908,147.86,415.27,101.98,208.11,459.617,91.0759
2022-03-03,93.6086,220.151,315.47,163.582,141.52,407.29,100.201,202.97,460.756,89.8585
2022-03-04,91.8118,220.407,310.738,160.567,136.46,394.24,98.3338,200.06,472.18,88.3858
2022-03-07,90.8791,207.563,301.69,156.763,126.46,381.65,98.6006,187.47,461.022,82.9176
2022-03-08,90.6434,205.37,298.327,154.93,129.28,383.92,98.9365,190.29,448.326,82.466
2022-03-09,88.9939,212.44,306.046,160.35,142.49,399.11,99.6188,198.5,459.798,86.0002
2022-03-10,88.3164,211.241,306.145,155.993,139.52,388.79,99.401,195.21,465.355,85.5683
2022-03-11,86.0484,203.559,308.179,152.26,138.2,386.07,98.3734,187.61,458.592,81.2192
2022-03-14,83.9473,205.32,304.33,148.218,150.07,380.09,97.0097,186.63,463.388,77.8419
2022-03-15,84.1437,211.801,312.781,152.614,148.12,387.08,98.3042,192.03,472.877,81.6021
2022-03-16,85.636,212.038,321.373,157.049,169.36,401.65,101.733,203.63,473.207,85.8138
2022-03-17,86.991,216.994,316.016,158.055,168.26,419.35,104.608,207.84,481.528,86.0591
2022-03-18,85.5575,222.325,320.42,161.366,178.93,437.18,105.507,216.49,480.671,87.9637
2022-03-21,85.0076,219.326,320.966,162.746,175.38,429.54,104.875,211.49,482.134,85.2737
2022-03-22,85.204,219.1,323.903,166.125,186.72,433.68,105.221,216.65,479.911,86.285
2022-03-23,84.1731,213.149,317.007,167.496,178.73,419.91,101.15,213.46,477.927,84.6454
2022-03-24,84.7622,213.464,321.739,171.29,179.68,427.37,102.632,219.57,487.642,85.5291
2022-03-25,85.3514,215.008,324.141,171.931,165.92,425.66,101.684,221.82,487.236,85.853
2022-03-28,85.1942,215.903,327.136,172.799,173.08,422.28,103.748,223.59,487.394,86.766
2022-03-29,87.207,219.257,336.977,176.107,180.64,438.1,104.074,229.86,485.05,89.564
2022-03-30,87.099,218.303,334.775,174.936,174.92,429.61,103.876,227.85,494.634,89.3676
2022-03-31,88.0022,208.724,333.555,171.822,172.26,413.7,101.93,222.36,484.33,89.3087
2022-04-01,89.3866,207.071,336.928,171.527,176.59,413.73,98.8279,224.85,486.817,89.8192
2022-04-04,88.2182,210.877,340.718,175.596,172.54,431.24,99.2626,233.89,484.377,86.4813
2022-04-05,88.5521,211.251,339.081,172.267,162.05,423.72,96.249,231.84,491.727,82.5839
2022-04-06,89.2492,212.382,336.551,169.092,154.62,422.9,95.1916,223.3,505.014,81.8377
2022-04-07,89.7795,224.43,338.049,169.398,159.0,418.4,96.5552,222.95,509.953,81.6021
2022-04-08,90.7612,229.495,335.221,167.376,160.84,415.63,96.6738,222.33,518.509,80.0313
2022-04-11,92.1163,225.532,323.704,163.109,160.0,408.7,95.7647,216.46,510.417,79.2066
2022-04-12,91.7431,227.528,323.168,164.983,159.5,402.21,95.5869,214.14,506.875,78.3328
2022-04-13,92.7741,229.968,323.0,167.683,169.66,405.0,96.2094,214.99,510.003,79.4422
2022-04-14,93.7165,233.292,316.929,162.656,165.49,393.68,95.5375,210.18,507.929,78.0482
2022-04-18,93.3533,235.445,311.105,162.439,154.75,394.28,95.5968,210.77,507.227,78.1464
2022-04-19,95.7097,241.996,318.02,164.728,152.72,406.62,97.5137,217.31,510.665,79.7367
2022-04-20,96.6129,245.212,321.095,164.558,150.12,398.42,98.3734,200.42,518.556,78.706
2022-04-21,96.0141,244.081,319.746,163.77,144.5,390.04,98.3436,188.07,510.417,77.5181
2022-04-22,93.1962,237.698,308.327,159.207,140.34,377.98,98.2448,184.11,494.748,76.497
2022-04-25,92.7936,237.678,314.299,160.282,150.41,388.94,99.4995,186.99,497.91,76.5559
2022-04-26,90.8987,232.603,300.689,154.299,145.79,374.5,97.2272,180.95,487.947,74.2488
2022-04-27,91.9199,227.164,300.689,154.071,142.43,371.11,99.3218,174.95,487.977,73.3751
2022-04-28,93.9522,232.496,311.343,161.032,142.52,382.98,101.15,205.73,498.051,75.1815
2022-04-29,91.4682,224.882,297.97,155.138,134.41,369.66,97.8891,200.47,482.979,73.277
2022-05-02,91.2128,225.994,302.176,155.443,142.08,379.57,98.8179,211.13,475.951,73.9936
2022-05-03,88.4636,228.708,302.395,156.941,146.54,368.14,101.426,212.03,474.5,72.9725
2022-05-04,90.555,233.517,312.355,163.376,155.05,367.87,109.489,223.41,482.097,80.1491
2022-05-05,89.2492,226.958,296.323,154.27,142.02,347.75,107.76,208.28,469.845,76.065
2022-05-06,89.1707,221.5,293.387,155.0,134.4,342.59,106.762,203.77,474.5,75.1226
2022-05-09,91.154,220.506,285.203,149.855,135.8,328.54,108.451,196.21,461.964,72.148
2022-05-10,90.4176,215.5,285.302,152.27,132.32,325.84,107.731,197.65,463.473,70.5477
2022-05-11,88.5618,209.973,278.705,144.378,123.43,314.5,106.703,188.74,461.706,68.7806
2022-05-12,87.9139,213.69,278.972,140.493,130.17,316.72,109.815,191.24,454.726,69.1068
2022-05-13,88.3655,216.109,284.489,144.978,137.91,336.86,110.26,198.62,460.994,74.7421
2022-05-16,89.1412,215.637,283.894,143.43,136.26,329.33,109.924,200.04,464.624,71.5982
2022-05-17,90.1034,212.605,288.754,147.075,142.28,344.58,113.462,202.62,467.765,72.8834
2022-05-18,83.211,159.602,271.979,138.777,137.71,326.42,103.314,192.24,447.678,70.4712
2022-05-19,82.5924,151.524,271.433,135.358,143.38,324.1,102.454,191.29,454.488,71.1138
2022-05-20,83.7313,153.43,274.449,135.595,136.25,325.37,104.184,193.54,461.307,72.5572
2022-05-23,85.7539,151.988,281.136,141.033,137.62,334.73,104.361,196.23,467.339,72.5868
2022-05-24,87.1383,148.087,277.088,138.327,132.06,322.88,104.035,181.28,472.544,71.8948
2022-05-25,87.4426,154.477,277.415,138.482,130.85,322.72,104.865,183.83,473.047,71.6576
2022-05-26,88.13,161.172,289.231,141.694,135.8,332.47,107.414,191.63,476.979,73.6448
2022-05-27,89.3866,165.064,301.73,147.471,147.66,343.53,109.331,195.13,481.611,75.8395
2022-05-31,88.4295,159.869,296.085,146.682,145.33,338.19,108.198,193.64,471.804,77.6093
2022-06-01,86.9788,154.575,296.273,146.556,143.4,334.55,107.204,188.64,467.785,75.4144
2022-06-02,86.8505,158.911,304.18,149.016,140.18,347.07,108.327,198.86,467.509,78.5188
2022-06-03,86.2584,159.039,302.524,143.271,137.15,334.77,109.291,190.78,461.194,78.153
2022-06-06,86.3275,157.686,302.306,144.02,140.0,335.43,108.973,194.25,465.534,78.0837
2022-06-07,87.2156,154.042,304.092,146.556,145.34,335.51,108.665,195.65,472.109,78.5683
2022-06-08,86.1597,154.753,300.232,145.816,148.53,330.74,102.492,196.64,468.715,77.5795
2022-06-09,84.1861,152.63,293.08,140.572,134.04,315.66,100.603,184.0,464.823,78.0145
2022-06-10,83.0315,147.811,283.734,135.141,127.12,305.35,97.8791,175.57,460.265,74.8113
2022-06-13,82.2124,143.011,274.3,129.968,117.13,293.08,95.9108,164.26,446.084,71.539
2022-06-14,82.8144,140.927,272.931,130.834,121.56,300.74,98.0183,163.73,438.533,71.4894
2022-06-15,83.0019,145.609,278.953,133.465,128.53,308.36,97.3721,169.35,440.985,73.3482
2022-06-16,81.4625,141.115,268.745,128.175,121.08,292.12,95.7318,160.87,434.704,70.1449
2022-06-17,81.9756,137.569,273.189,129.653,128.03,288.46,93.6641,163.74,430.863,71.0544
2022-06-21,82.9032,142.903,280.481,133.901,129.99,295.85,95.2447,157.05,457.797,72.1321
2022-06-22,82.7058,139.061,284.122,133.386,136.07,297.82,94.9962,155.85,466.718,72.4682
2022-06-23,82.8539,144.987,283.556,136.265,143.26,297.41,95.8611,158.75,476.374,74.3467
2022-06-24,84.6696,148.551,296.988,139.606,144.27,308.91,99.8971,170.16,472.399,77.2237
2022-06-27,84.6795,147.751,290.292,139.606,145.36,309.83,99.9369,169.49,481.948,76.7985
2022-06-28,84.492,142.725,281.542,135.447,142.19,302.21,97.2528,160.68,484.598,75.4737
2022-06-29,85.1631,140.137,277.584,137.211,142.81,298.33,97.4715,163.94,491.526,75.5627
2022-06-30,84.9262,139.475,275.441,134.738,142.85,293.95,96.885,161.25,489.544,75.5232
2022-07-01,84.1269,140.611,278.417,136.915,149.95,299.34,97.0043,160.03,493.138,78.3607
2022-07-05,84.6598,143.899,272.981,139.507,155.54,302.33,95.9307,168.19,481.549,78.6177
2022-07-06,84.5512,143.011,273.745,140.847,159.56,294.53,96.9347,169.77,491.127,77.9651
2022-07-07,84.9361,148.097,277.177,144.229,172.4,305.14,97.8194,172.19,490.26,78.3409
2022-07-08,83.0019,146.151,276.85,144.909,176.23,299.52,96.6663,170.88,494.309,78.3803
2022-07-11,80.7322,144.571,272.683,142.77,175.26,291.7,96.7558,162.88,492.708,77.0161
2022-07-12,81.6303,142.765,271.493,143.744,173.25,292.41,95.7716,163.27,490.298,76.8777
2022-07-13,81.9361,143.633,270.965,143.38,171.24,292.49,94.0916,163.49,477.736,77.0359
2022-07-14,80.4657,144.473,267.481,146.316,159.92,290.8,94.36,158.05,478.869,77.3127
2022-07-15,80.8506,144.847,270.318,147.994,166.91,297.72,96.2587,164.7,504.909,78.7165
2022-07-18,80.8013,147.505,267.461,144.938,163.4,295.84,96.0201,167.23,495.014,79.3196
2022-07-19,82.4,151.455,278.8,148.81,167.14,311.91,99.5392,175.78,508.435,81.6133
2022-07-20,81.2651,154.556,280.413,150.822,166.89,325.42,101.637,183.09,495.111,82.3251
2022-07-21,81.1368,156.689,286.735,153.098,168.89,332.15,100.861,183.17,497.96,82.592
2022-07-22,80.9987,155.78,286.735,151.855,163.52,326.68,100.573,169.27,496.959,82.6414
2022-07-25,82.5874,155.533,288.009,150.733,165.69,325.37,98.575,166.65,504.642,80.5752
2022-07-26,83.1006,149.924,283.917,149.403,160.9,326.97,98.2568,159.15,506.661,79.3987
2022-07-27,84.5512,152.679,296.213,154.518,158.02,338.49,99.9766,169.58,509.541,82.0186
2022-07-28,86.0512,157.439,302.336,155.069,158.07,344.5,103.943,160.72,516.097,83.7092
2022-07-29,86.8505,161.35,304.904,160.155,164.09,357.69,105.623,159.1,516.91,83.818
2022-08-01,87.0084,163.493,303.391,159.168,161.51,358.43,105.852,159.93,510.276,83.9465
2022-08-02,86.3571,161.449,301.141,157.69,160.81,323.32,101.647,160.19,510.35,82.7601
2022-08-03,86.4064,165.834,306.806,163.722,186.49,326.41,102.174,168.8,515.297,86.2797
2022-08-04,85.4295,164.491,309.235,163.406,194.18,330.58,102.939,170.57,508.721,85.8942
2022-08-05,86.2979,164.066,307.98,163.179,186.84,331.7,102.919,167.11,509.971,84.7572
2022-08-08,79.0448,164.896,308.956,162.705,182.94,330.32,102.492,170.25,511.438,84.7473
2022-08-09,78.8671,163.069,308.418,162.755,171.14,320.15,102.939,168.53,512.068,83.8772
2022-08-10,78.3145,167.562,315.079,167.018,174.27,328.87,106.806,178.34,512.506,85.5086
2022-08-11,79.6269,167.493,313.028,166.279,171.81,336.0,107.204,177.49,507.874,86.7713
2022-08-12,80.7124,170.338,319.021,169.84,171.18,346.74,106.528,180.5,518.204,87.8054
2022-08-15,80.9691,171.236,318.912,170.916,176.78,349.41,107.83,180.89,519.099,88.6505
2022-08-16,81.0085,179.067,319.36,170.759,167.96,344.91,107.403,179.47,520.511,88.8891
2022-08-17,80.0217,174.247,317.04,172.259,158.0,340.45,105.911,174.85,519.445,87.8451
2022-08-18,80.7026,171.971,318.046,171.864,150.0,342.38,107.313,174.66,519.654,88.044
2022-08-19,80.673,165.999,313.894,169.27,146.1,328.41,106.558,167.96,522.609,86.4233
2022-08-22,79.3902,160.95,308.628,165.369,142.47,315.88,106.448,163.05,519.033,84.4646
2022-08-23,78.7783,160.96,305.342,165.034,143.78,316.99,105.663,161.11,510.675,84.2061
2022-08-24,78.4823,162.113,304.904,165.33,141.43,319.34,105.772,163.26,511.304,85.5583
2022-08-25,78.9855,166.456,308.399,167.798,142.05,330.14,107.204,168.78,516.175,86.8906
2022-08-26,77.2783,159.619,296.81,161.471,136.7,308.16,104.291,161.78,504.432,83.5797
2022-08-29,76.6369,157.701,293.833,159.261,137.26,307.9,103.038,159.17,504.928,83.6393
2022-08-30,75.729,159.778,291.205,156.824,135.93,302.86,102.362,157.16,498.323,82.9334
2022-08-31,74.8355,159.341,287.183,155.156,132.27,301.64,102.283,162.93,494.978,83.5896
2022-09-01,74.2795,163.812,287.511,155.886,138.95,309.74,103.198,165.36,499.43,84.912
2022-09-02,74.081,163.574,282.812,153.765,138.57,297.6,101.08,160.32,492.137,82.4661
2022-09-06,72.5323,162.56,282.205,152.5,130.08,289.93,99.9965,158.54,493.404,84.037
2022-09-07,73.3463,169.725,285.49,153.913,134.9,295.58,101.368,160.39,497.217,87.8054
2022-09-08,73.4059,170.828,286.685,152.432,141.28,298.3,100.822,162.06,502.774,88.9488
2022-09-09,75.0241,172.568,289.264,155.303,142.28,307.84,102.83,169.15,501.32,88.1832
2022-09-12,75.0142,172.766,293.953,161.284,140.32,311.85,103.963,168.96,507.927,88.561
2022-09-13,72.701,165.204,280.274,151.819,131.3,293.5,99.2012,153.13,491.398,87.3381
2022-09-14,71.7678,164.349,277.297,153.27,139.4,295.97,99.8275,151.47,487.388,92.1703
2022-09-15,71.5792,163.981,272.648,150.369,135.86,296.2,96.4178,149.55,499.953,91.693
2022-09-16,71.4898,163.067,271.473,148.721,137.74,288.52,92.2624,146.29,498.148,90.7882
2022-09-19,71.9167,163.733,273.763,152.452,127.9,291.21,92.6203,148.02,500.566,91.6135
2022-09-20,71.3111,159.032,269.044,154.838,129.705,285.65,89.469,146.09,499.847,90.2712
2022-09-21,70.8048,158.039,264.245,151.702,125.76,285.08,88.4948,142.12,489.597,88.0937
2022-09-22,70.4971,152.007,261.159,150.735,124.32,272.94,87.6697,142.82,494.744,84.216
2022-09-23,69.4348,151.659,258.829,148.455,123.64,268.04,87.1428,140.41,491.061,83.689
2022-09-26,68.4519,147.783,256.4,148.79,119.69,265.86,86.268,136.37,486.042,84.3254
2022-09-27,68.0648,147.545,255.205,149.767,122.23,264.95,88.5147,134.4,486.052,83.7984
2022-09-28,68.0945,154.898,260.77,147.872,122.15,271.35,89.5187,141.61,491.378,86.6122
2022-09-29,66.3671,150.844,257.127,140.61,118.07,265.52,89.9362,136.41,486.492,86.0753
2022-09-30,65.4538,147.465,256.161,136.385,118.25,262.01,87.789,135.68,482.868,83.7785
2022-10-03,66.238,150.844,263.717,140.58,120.99,272.09,90.3736,138.61,492.879,85.1307
2022-10-04,66.9727,155.982,273.096,144.182,125.67,281.65,90.98,140.28,500.201,88.0042
2022-10-05,66.1586,155.435,273.125,144.477,125.62,281.88,90.2345,138.98,503.93,89.605
2022-10-06,65.0467,154.779,268.277,143.522,125.15,280.35,90.1152,139.07,496.341,88.8394
2022-10-07,63.4285,151.39,258.56,138.252,119.32,266.68,88.6737,133.45,482.687,86.5327
2022-10-10,63.637,152.146,256.708,138.575,123.42,258.6,89.2404,133.79,476.959,86.5625
2022-10-11,63.4881,153.537,251.86,137.154,120.72,250.01,88.5246,128.54,477.867,85.7174
2022-10-12,63.3193,153.199,250.07,136.524,130.72,261.03,88.3457,127.5,478.013,86.3736
2022-10-13,64.9772,153.159,257.46,141.112,134.72,268.27,89.6678,130.29,487.526,88.8593
2022-10-14,64.3716,144.782,252.72,136.563,134.0,255.61,89.4392,126.76,490.601,85.8765
2022-10-17,65.3346,148.32,262.22,140.54,139.25,261.64,91.4572,134.04,498.968,88.392
2022-10-18,65.2254,156.25,264.05,141.862,134.09,263.89,92.2127,132.8,499.283,88.4517
2022-10-19,64.5503,154.421,264.06,141.972,123.52,260.46,90.473,133.23,497.478,87.0199
2022-10-20,64.1334,153.438,261.78,141.508,118.38,256.23,89.2205,131.53,498.013,86.2941
2022-10-21,64.6496,158.198,269.57,145.335,128.32,263.04,92.4016,130.01,510.298,88.1037
2022-10-24,64.6496,160.811,275.31,147.488,133.02,265.72,93.0676,129.72,517.822,83.2814
2022-10-25,66.5458,164.767,280.61,150.339,136.57,274.58,95.4634,137.51,516.503,84.7231
2022-10-26,67.3301,165.73,279.87,147.39,142.0,273.18,96.0499,129.82,519.322,85.3992
2022-10-27,66.9032,165.86,278.84,142.901,144.11,275.29,95.8312,97.94,518.015,84.7927
2022-10-28,68.1442,166.476,287.78,153.696,150.97,288.0,97.3025,99.2,527.041,86.6023
2022-10-31,67.8563,163.226,283.9,151.326,150.33,283.22,97.2727,93.16,530.778,86.0952
2022-11-01,67.5088,163.564,281.47,148.674,154.62,238.3,98.2568,95.2,523.281,86.6023
2022-11-02,66.9528,159.201,272.45,143.125,148.62,236.03,92.7595,90.54,519.571,84.0967
2022-11-03,66.0792,158.804,256.88,137.056,147.5,227.32,94.3302,88.91,519.744,84.1961
2022-11-04,66.8139,158.635,261.16,136.79,158.41,230.56,94.3003,90.79,514.543,91.3351
2022-11-07,66.7741,158.873,269.07,137.323,164.04,236.36,95.1652,96.72,521.094,89.9331
2022-11-08,67.2408,160.613,269.03,137.895,164.61,234.65,103.784,96.47,528.768,92.22
2022-11-09,63.6469,152.036,266.44,133.319,163.21,226.88,104.162,101.47,516.924,91.63
2022-11-10,65.9799,163.355,287.02,145.182,168.56,253.42,108.049,111.87,520.281,96.26
2022-11-11,66.9231,172.24,290.09,147.98,171.2,263.38,111.25,113.02,499.162,97.38
2022-11-14,64.3617,172.18,288.91,146.577,179.03,251.47,111.13,114.22,491.197,97.42
2022-11-15,63.8752,178.98,292.65,148.315,185.47,261.59,114.978,117.08,480.926,97.83
2022-11-16,64.0639,155.47,291.51,147.079,185.25,258.43,111.16,113.23,489.063,97.07
2022-11-17,64.9177,162.01,287.14,148.987,183.9,255.11,110.932,111.45,492.686,96.97
2022-11-18,65.0467,162.88,286.5,149.551,181.59,256.1,112.105,112.05,506.733,97.95
2022-11-21,66.2678,158.02,287.02,146.308,176.75,257.0,112.88,109.86,494.486,98.32
2022-11-22,66.8337,157.86,292.89,148.454,179.59,261.05,113.447,111.44,500.124,98.43
2022-11-23,66.655,163.41,294.53,149.336,176.81,270.66,113.317,112.24,506.455,99.52
2022-11-25,66.8436,163.38,296.4,146.408,176.4,271.9,112.105,111.41,514.018,99.56
2022-11-28,65.0566,165.37,290.6,142.562,175.38,269.0,110.971,108.78,508.902,98.66
2022-11-29,65.97,166.37,287.98,139.547,173.15,266.82,112.89,109.46,504.82,98.66
2022-11-30,66.28,167.07,300.93,146.328,175.91,270.28,116.06,118.1,523.713,102.2
2022-12-01,65.48,165.03,302.83,146.606,181.48,268.82,115.25,120.44,513.339,103.37
2022-12-02,66.02,164.16,300.13,146.111,182.35,274.86,115.52,123.49,514.202,105.05
2022-12-05,64.77,154.93,292.74,144.945,175.93,261.8,111.82,122.43,513.126,103.55
2022-12-06,64.15,155.05,285.41,141.268,173.54,254.21,110.19,114.12,517.233,102.08
2022-12-07,63.74,153.76,286.69,139.319,179.0,252.54,107.6,113.93,520.674,101.87
2022-12-08,63.86,154.21,292.15,141.01,184.7,252.82,107.85,115.33,525.48,103.74
2022-12-09,63.75,152.28,288.41,140.526,177.35,251.45,107.91,115.9,517.116,101.79
2022-12-12,64.53,150.03,292.34,142.831,165.13,258.1,113.28,114.71,523.503,102.7
2022-12-13,64.58,150.87,295.35,143.797,197.54,263.27,112.43,120.15,516.178,102.11
2022-12-14,64.35,152.51,291.45,141.563,208.95,261.5,112.79,121.59,516.311,102.19
2022-12-15,62.57,147.6,281.12,134.93,207.25,251.04,109.32,116.15,506.07,99.99
2022-12-16,61.84,146.45,264.48,132.965,193.29,248.92,108.54,119.43,502.253,98.83
2022-12-19,60.81,144.65,255.4,130.848,189.89,243.71,108.01,114.48,502.157,98.3
2022-12-20,61.38,143.25,261.9,130.779,201.16,247.15,106.9,117.09,498.907,98.0
2022-12-21,60.76,142.3,268.92,133.895,210.04,250.84,107.6,119.76,505.934,98.67
2022-12-22,60.88,141.35,264.76,130.709,208.34,247.51,106.9,117.12,505.504,97.76
2022-12-23,61.35,143.15,266.09,130.345,199.08,248.22,107.31,118.04,509.551,98.27
2022-12-27,61.69,145.55,265.31,128.536,180.17,251.0,106.42,116.88,510.203,99.2
2022-12-28,61.19,145.8,263.12,124.591,176.5,246.84,104.16,115.62,506.806,98.6
2022-12-29,61.79,148.37,268.38,128.12,178.86,257.53,105.21,120.26,508.178,99.77
2022-12-30,62.25,149.04,266.84,128.437,179.62,256.41,103.92,120.34,508.466,99.2
2023-01-03,63.6,151.73,270.26,123.633,178.99,260.2,104.98,124.74,497.398,100.83
2023-01-04,64.51,152.72,269.34,124.907,177.36,262.99,106.18,127.37,483.838,104.46
2023-01-05,64.36,154.26,262.98,123.584,173.51,260.06,104.92,126.94,469.894,104.43
2023-01-06,66.07,160.15,269.21,128.13,180.35,273.42,108.18,130.02,469.931,106.69
2023-01-09,65.71,156.35,273.75,128.654,183.95,279.29,109.85,129.47,469.991,104.74
2023-01-10,65.58,155.97,274.93,129.228,189.65,286.93,108.54,132.99,466.096,106.0
2023-01-11,65.81,158.97,281.08,131.956,186.64,299.79,110.41,132.89,473.192,106.3
2023-01-12,64.83,159.75,283.84,131.878,188.06,293.0,110.31,136.71,475.371,105.85
2023-01-13,64.98,164.6,282.14,133.211,192.0,293.7,108.92,136.98,469.521,107.23
2023-01-17,65.36,162.1,284.88,134.378,190.69,293.58,108.01,135.36,465.214,106.75
2023-01-18,63.87,160.83,277.9,133.657,197.02,296.54,107.29,133.02,456.736,105.0
2023-01-19,63.49,159.1,272.89,133.716,190.38,287.72,105.51,136.15,464.523,104.26
2023-01-20,64.7,162.21,280.47,136.286,193.98,297.03,106.73,139.37,466.785,105.04
2023-01-23,66.15,164.63,279.34,139.487,196.94,317.76,108.83,143.27,465.915,106.21
2023-01-24,65.24,163.55,274.87,140.891,196.76,310.08,108.35,143.14,471.466,106.64
2023-01-25,65.81,164.21,273.16,140.229,193.07,310.57,107.75,141.5,472.331,106.98
2023-01-26,65.49,167.03,274.26,142.305,193.24,311.27,108.21,147.3,472.312,108.76
2023-01-27,65.72,168.51,277.27,144.254,189.35,317.1,107.72,151.74,466.145,109.02
2023-01-30,64.1,168.68,274.32,141.358,180.87,309.03,105.52,147.06,465.896,108.4
2023-01-31,65.75,172.14,279.05,142.632,176.06,316.18,108.15,148.97,478.744,109.14
2023-02-01,65.13,177.08,283.6,143.757,174.3,328.63,113.66,153.12,476.645,109.99
2023-02-02,65.13,181.02,294.1,149.086,176.35,344.7,118.87,188.77,451.548,109.15
2023-02-03,64.03,176.76,289.22,152.724,173.25,330.81,117.03,186.53,452.689,104.3
2023-02-06,61.08,173.84,284.48,149.987,170.27,324.7,114.35,186.06,455.777,105.02
2023-02-07,61.41,174.76,287.82,152.873,171.06,331.15,113.97,191.62,457.349,106.825
2023-02-08,59.98,171.79,284.71,150.174,164.34,325.54,112.99,183.43,463.43,106.3
2023-02-09,60.64,171.37,285.16,149.136,164.48,316.56,111.89,177.92,465.837,106.05
2023-02-10,60.39,170.02,283.96,149.503,169.28,313.46,111.96,174.15,474.008,107.09
2023-02-13,60.96,173.32,288.35,152.314,171.48,318.95,112.84,179.43,475.064,108.52
2023-02-14,60.89,171.17,284.77,151.671,175.62,318.76,113.11,179.48,472.647,107.98
2023-02-15,61.25,176.02,287.65,153.78,177.28,327.02,113.57,177.16,471.133,109.0
2023-02-16,60.69,174.54,281.22,152.175,172.31,333.44,112.2,172.44,467.391,107.54
2023-02-17,61.37,173.22,277.05,151.027,166.6,322.58,111.4,172.88,478.64,107.1
2023-02-21,60.72,166.22,269.15,146.997,160.09,307.0,105.2,172.08,471.188,104.78
2023-02-22,61.74,165.72,269.63,147.423,158.17,304.87,105.2,171.12,468.868,104.77
2023-02-23,62.36,165.5,271.23,147.908,147.57,301.0,107.74,172.04,471.554,103.51
2023-02-24,61.23,166.96,266.53,145.244,139.26,291.92,107.19,170.39,464.494,101.6
2023-02-27,60.41,166.81,266.25,146.444,138.27,296.23,105.78,169.54,463.526,102.44
2023-02-28,59.24,168.5,265.55,145.938,138.81,300.25,104.56,174.94,456.447,102.09
2023-03-01,59.29,162.4,263.59,143.859,135.66,302.34,105.38,173.42,455.757,101.43
2023-03-02,59.06,165.94,265.26,144.453,137.86,306.06,109.95,174.53,458.138,103.01
2023-03-03,59.23,166.0,269.2,149.523,143.2,309.45,109.4,185.25,458.962,104.55
2023-03-06,58.75,165.2,269.63,152.295,144.03,305.81,109.8,184.9,461.089,104.99
2023-03-07,58.37,162.82,264.2,150.088,141.05,302.16,109.61,184.51,454.473,103.34
2023-03-08,58.51,163.51,263.66,151.343,142.08,307.07,110.87,184.97,451.326,102.5
2023-03-09,57.64,160.64,259.76,149.086,137.36,296.91,110.31,181.69,445.871,100.3
2023-03-10,56.98,158.18,252.95,147.017,138.29,288.19,107.39,179.51,443.049,99.38
2023-03-13,57.21,157.92,251.31,148.967,147.9,284.92,107.75,180.9,446.273,99.08
2023-03-14,57.3,158.37,252.48,151.067,151.28,292.46,106.14,194.02,447.14,99.46
2023-03-15,58.14,159.13,246.17,151.462,149.6,287.74,105.69,197.75,447.958,99.34
2023-03-16,58.53,163.05,252.92,154.294,151.78,294.93,107.35,204.93,454.301,100.43
2023-03-17,58.54,159.36,250.0,153.452,150.02,288.71,106.43,195.61,451.875,98.7
2023-03-20,58.57,163.24,252.55,155.828,154.52,290.84,105.32,197.81,459.054,99.85
2023-03-21,58.23,162.71,257.62,157.69,152.1,294.43,105.9,202.16,462.078,100.54
2023-03-22,57.2,157.47,253.27,156.254,148.18,288.11,104.67,199.81,457.67,99.12
2023-03-23,56.08,156.12,271.66,157.342,149.42,288.75,104.56,204.28,452.27,98.42
2023-03-24,57.06,156.22,272.0,158.651,150.88,288.73,104.49,206.01,458.123,98.34
2023-03-27,57.99,159.38,273.96,156.699,148.35,288.86,105.43,202.84,463.81,98.66
2023-03-28,57.85,159.77,275.0,156.076,146.92,290.15,104.9,200.68,454.84,98.72
2023-03-29,58.25,158.11,279.94,159.164,148.8,296.12,105.59,205.35,449.074,100.62
2023-03-30,58.32,160.27,282.66,160.739,147.44,309.11,107.06,207.84,452.415,101.32
2023-03-31,59.32,165.63,285.81,163.255,153.58,318.0,110.12,211.94,454.849,104.13
2023-04-03,59.41,166.06,285.84,164.51,159.48,311.65,108.32,213.07,475.639,104.85
2023-04-04,59.68,166.05,285.84,163.977,156.52,308.71,106.46,214.72,474.733,104.0
2023-04-05,59.96,165.24,281.33,162.124,154.61,300.15,105.63,211.48,490.115,104.9
2023-04-06,59.61,165.58,281.7,163.016,158.27,300.26,105.35,216.1,493.56,104.68
2023-04-10,61.05,169.0,281.68,160.412,160.15,301.96,107.69,214.75,495.841,104.74
2023-04-11,62.05,169.58,286.33,159.194,155.25,304.03,109.06,213.85,501.414,105.74
2023-04-12,61.58,163.51,283.76,158.501,155.56,301.41,109.77,214.0,501.625,105.6
2023-04-13,61.69,163.27,285.27,163.907,160.53,306.17,110.24,220.35,506.477,106.99
2023-04-14,60.82,161.0,279.25,163.56,157.1,303.08,111.67,221.49,492.578,107.47
2023-04-17,61.44,162.7,279.98,163.579,143.97,300.46,111.15,218.86,486.38,108.31
2023-04-18,60.87,162.4,279.96,164.809,142.63,300.63,111.58,217.89,485.542,107.91
2023-04-19,61.62,162.51,279.9,165.955,142.82,292.76,111.84,215.7,467.947,107.16
2023-04-20,60.86,160.28,275.55,164.986,141.14,290.52,111.73,213.07,469.162,107.05
2023-04-21,61.0,162.18,276.33,163.372,140.85,287.9,111.24,212.89,465.659,108.19
2023-04-24,60.91,163.94,277.25,163.679,138.14,288.19,112.59,212.79,470.586,109.29
2023-04-25,61.0,157.61,270.7,162.134,134.9,284.1,109.67,207.55,473.453,109.34
2023-04-26,60.35,155.45,271.21,162.124,130.72,280.42,106.73,209.4,464.821,111.47
2023-04-27,61.28,158.15,275.45,166.728,130.07,284.12,111.6,238.56,472.06,112.75
2023-04-28,62.49,157.75,280.29,167.985,132.89,288.03,113.84,240.32,473.619,114.29
2023-05-01,62.33,157.12,279.42,167.897,133.4,287.45,116.47,243.18,477.092,114.56
2023-05-02,60.94,155.72,276.74,166.857,131.4,255.44,113.24,239.24,474.869,114.46
2023-05-03,60.56,154.57,275.18,165.777,130.14,258.5,117.8,237.03,471.068,103.96
2023-05-04,60.13,152.53,266.5,164.136,134.33,265.0,116.96,233.52,468.989,104.72
2023-05-05,60.69,156.3,265.65,171.837,137.04,273.8,117.67,232.78,475.725,107.21
2023-05-08,50.73,156.5,264.82,171.767,131.75,277.86,116.55,233.27,474.128,107.17
2023-05-09,48.82,157.42,263.48,170.057,133.77,270.16,115.52,233.37,471.972,106.71
2023-05-10,47.28,157.73,268.89,171.822,130.83,271.77,114.03,233.08,471.672,106.97
2023-05-11,49.34,158.87,272.27,172.015,128.41,265.28,112.37,235.79,470.413,105.63
2023-05-12,48.87,157.99,277.19,171.084,129.3,266.16,112.96,233.81,472.79,106.12
2023-05-15,49.47,160.57,277.51,170.587,130.26,270.7,112.69,238.86,468.585,106.64
2023-05-16,49.2,156.91,279.19,170.587,125.11,266.38,111.32,238.82,461.712,105.28
2023-05-17,50.12,160.96,284.63,171.202,125.57,271.67,113.45,242.485,466.612,105.69
2023-05-18,49.97,154.18,287.48,173.543,125.33,279.33,114.67,246.85,461.241,107.09
2023-05-19,49.96,152.28,289.91,173.652,126.24,280.8,114.57,245.64,460.846,105.51
2023-05-22,50.11,151.91,290.95,172.7,126.74,280.13,114.43,248.32,462.579,102.9
2023-05-23,51.67,147.16,288.1,170.084,137.75,271.22,114.55,246.74,461.442,100.34
2023-05-24,51.77,143.1,286.82,170.359,131.59,261.39,112.23,249.21,462.78,99.61
2023-05-25,51.76,140.75,291.76,171.5,126.47,259.69,114.26,252.69,459.767,98.44
2023-05-26,52.01,138.93,303.6,173.917,126.24,264.72,115.51,262.04,463.444,98.53
2023-05-30,52.38,133.84,308.43,175.773,128.89,267.78,115.1,262.52,461.837,97.75
2023-05-31,50.64,130.93,305.92,175.723,127.71,262.57,110.31,264.72,468.95,97.64
2023-06-01,50.61,131.16,305.2,178.538,128.52,266.2,111.48,272.61,475.1,97.52
2023-06-02,51.34,133.22,311.39,179.391,130.51,278.01,113.96,272.61,480.829,99.5
2023-06-05,50.51,130.6,304.45,178.033,128.9,269.11,114.26,271.39,479.488,99.93
2023-06-06,50.44,132.7,308.04,177.666,126.9,270.1,115.14,271.12,469.269,98.22
2023-06-07,51.33,131.75,311.03,176.288,125.61,277.56,116.82,263.6,464.031,97.92
2023-06-08,50.86,131.27,307.33,179.013,124.94,278.03,116.53,264.58,471.829,99.15
2023-06-09,50.37,126.99,308.72,179.401,123.26,274.66,115.31,264.95,475.09,97.96
2023-06-12,50.65,126.48,311.48,182.207,123.52,279.99,116.17,271.05,474.099,98.46
2023-06-13,50.26,128.72,315.16,181.731,127.98,283.39,117.06,271.32,472.868,99.26
2023-06-14,49.76,133.23,315.05,182.364,126.05,280.38,117.64,273.35,442.598,100.66
2023-06-15,50.21,137.84,323.77,184.408,129.98,284.55,119.27,281.83,450.241,101.38
2023-06-16,50.39,133.81,319.54,183.327,128.73,282.4,118.83,281.0,443.091,101.87
2023-06-20,49.83,132.72,317.4,183.416,124.23,277.55,115.79,284.33,453.624,101.27
2023-06-21,50.47,133.22,313.2,182.374,121.07,270.88,115.72,281.64,460.737,101.87
2023-06-22,50.41,132.39,307.25,185.389,120.48,267.91,114.6,284.88,462.96,100.85
2023-06-23,49.5,131.83,298.43,185.072,118.5,264.33,114.45,288.73,460.979,98.34
2023-06-26,50.23,134.5,297.41,183.675,120.41,273.11,116.0,278.47,462.969,98.23
2023-06-27,49.96,132.51,300.81,186.44,120.67,282.81,118.38,287.05,466.352,98.72
2023-06-28,49.83,132.47,301.72,187.619,123.0,283.49,118.98,285.29,458.514,98.61
2023-06-29,50.69,132.91,308.33,187.956,122.11,288.68,120.14,281.53,460.436,98.68
2023-06-30,51.04,131.9,308.58,192.298,121.5,295.83,121.13,286.98,464.496,99.06
2023-07-03,51.81,134.86,310.97,190.801,121.73,296.27,121.69,286.02,461.829,99.15
2023-07-05,51.88,132.55,309.9,189.682,123.54,292.85,121.16,294.37,455.393,98.46
2023-07-06,52.1,130.84,307.97,190.157,118.29,291.14,117.55,291.99,453.594,96.2
2023-07-07,51.76,130.05,305.76,189.038,118.87,295.22,118.9,290.53,446.077,96.05
2023-07-10,50.9,131.74,308.45,186.985,123.09,306.16,121.08,294.1,447.497,99.13
2023-07-11,51.67,133.39,309.72,186.46,122.13,309.16,122.96,298.29,447.342,100.09
2023-07-12,52.18,132.91,313.88,188.136,125.92,315.93,122.75,309.34,436.527,101.14
2023-07-13,52.97,132.82,315.21,188.899,126.61,318.47,121.77,313.41,432.712,101.6
2023-07-14,52.33,130.92,315.77,189.048,121.35,309.28,121.6,308.87,464.042,101.61
2023-07-17,51.88,130.01,319.78,192.318,122.6,309.51,122.01,310.62,467.821,100.93
2023-07-18,51.49,130.81,322.43,192.061,122.61,313.17,123.07,312.05,483.206,100.76
2023-07-19,52.27,132.7,318.8,193.42,125.17,318.37,124.51,316.01,486.783,101.83
2023-07-20,52.5,134.64,312.47,191.466,124.77,304.54,124.48,302.52,487.305,100.88
2023-07-21,52.66,134.08,314.8,190.286,126.43,306.46,124.75,294.26,489.517,102.82
2023-07-24,53.47,135.41,313.29,191.09,123.01,302.59,124.99,291.61,491.593,102.78
2023-07-25,54.23,133.6,317.59,191.953,121.87,301.43,125.45,294.47,493.77,102.92
2023-07-26,55.04,134.47,316.51,192.825,120.65,306.12,126.23,298.57,490.939,101.73
2023-07-27,55.41,134.5,318.82,191.554,118.51,299.43,126.1,311.71,488.262,100.78
2023-07-28,56.35,135.0,315.55,194.144,118.66,299.18,127.24,325.48,486.019,101.25
2023-07-31,55.72,136.47,316.35,194.757,117.66,307.96,127.3,318.6,489.362,101.57
2023-08-01,55.32,132.99,320.97,193.919,113.94,254.77,125.47,322.71,487.788,101.26
2023-08-02,55.41,133.54,317.78,190.921,110.22,241.15,124.43,314.31,487.844,102.13
2023-08-03,56.27,132.73,317.13,189.523,109.95,249.55,124.43,313.19,487.901,102.33
2023-08-04,56.46,132.53,312.0,180.423,108.19,251.41,123.76,310.73,485.844,100.68
2023-08-07,54.3,131.94,315.87,177.31,101.2,248.23,124.81,316.56,493.585,101.74
2023-08-08,55.05,130.98,315.15,178.251,99.74,253.68,119.32,312.64,488.87,100.695
2023-08-09,53.82,130.6,311.53,176.656,101.82,257.89,117.37,305.21,485.246,99.92
2023-08-10,53.75,130.92,310.41,176.437,100.28,255.42,117.97,305.74,486.569,101.66
2023-08-11,55.24,131.05,309.05,176.497,101.49,261.94,116.97,301.64,490.949,100.99
2023-08-14,54.41,129.42,311.71,178.155,100.0,263.86,116.94,306.19,493.77,101.01
2023-08-15,53.73,125.05,307.4,176.159,96.41,267.98,115.18,301.95,489.67,100.04
2023-08-16,53.4,128.75,307.64,175.285,98.92,265.94,114.12,294.29,486.646,98.98
2023-08-17,54.1,130.11,305.64,172.735,106.24,266.03,113.93,285.09,477.368,96.57
2023-08-18,54.63,131.21,302.94,173.22,101.62,271.98,115.83,283.25,481.699,97.23
2023-08-21,54.81,127.79,306.51,174.561,111.08,267.53,114.6,289.9,480.964,96.46
2023-08-22,54.04,124.94,308.9,175.941,116.24,269.36,114.52,287.6,475.803,96.07
2023-08-23,53.47,123.21,315.34,179.801,115.46,270.09,114.7,294.24,473.0,95.18
2023-08-24,54.18,124.1,314.14,175.097,112.65,265.92,113.98,286.75,471.705,94.83
2023-08-25,54.01,121.79,318.76,177.311,111.93,268.39,114.32,285.5,472.691,95.48
2023-08-28,54.29,123.43,320.91,178.879,113.83,269.92,115.01,290.26,474.78,97.04
2023-08-29,54.67,126.16,323.45,182.781,115.99,273.49,117.06,297.99,476.276,99.15
2023-08-30,54.37,126.95,323.25,186.284,116.62,279.11,117.78,295.1,475.021,99.24
2023-08-31,53.27,126.55,323.77,186.504,113.07,275.01,116.71,295.89,460.572,97.44
2023-09-01,52.59,125.52,327.74,188.082,112.56,275.95,116.37,296.38,460.245,98.0
2023-09-05,52.15,125.19,326.16,188.321,109.36,273.25,115.56,300.15,464.661,96.84
2023-09-06,51.52,123.71,326.3,181.578,108.24,272.38,115.59,299.17,460.922,95.95
2023-09-07,51.33,124.46,328.2,176.268,108.35,264.24,115.5,298.67,468.525,95.1
2023-09-08,52.05,123.69,325.47,176.884,107.64,256.37,114.73,297.89,466.431,95.28
2023-09-11,52.56,122.67,325.87,178.055,105.8,254.77,116.22,307.56,465.082,95.67
2023-09-12,52.89,122.4,314.89,175.018,105.24,251.31,116.44,301.66,465.587,96.24
2023-09-13,52.84,122.93,313.91,172.943,108.59,250.18,118.28,305.06,465.528,96.93
2023-09-14,53.96,124.77,316.59,174.462,112.81,254.79,118.34,311.72,469.177,97.16
2023-09-15,54.54,123.05,312.53,173.737,114.59,251.38,118.44,300.31,472.183,96.23
2023-09-18,53.9,119.34,315.88,176.675,104.14,253.2,117.75,302.55,471.562,96.76
2023-09-19,53.82,120.17,317.33,177.767,106.74,252.17,117.37,305.07,466.324,95.29
2023-09-20,53.32,120.41,316.8,174.213,103.53,235.83,114.84,299.67,477.452,95.16
2023-09-21,53.05,117.32,312.0,172.665,100.23,228.68,113.0,295.73,486.194,93.1
2023-09-22,51.12,112.6,316.09,173.519,99.99,227.15,113.91,299.08,491.004,93.68
2023-09-25,50.62,112.26,316.99,174.798,98.17,228.15,115.87,300.83,495.061,92.74
2023-09-26,51.27,109.48,310.61,170.709,98.12,223.96,114.0,298.96,490.375,92.0
2023-09-27,50.11,109.74,314.38,169.191,99.44,225.91,113.66,297.74,488.707,91.17
2023-09-28,49.93,109.56,300.77,169.447,100.27,236.87,114.4,303.96,494.886,91.08
2023-09-29,50.49,110.57,307.11,169.965,103.29,236.53,114.63,300.21,489.153,91.27
2023-10-02,49.24,106.69,308.26,172.485,103.31,233.63,114.73,306.82,499.222,91.13
2023-10-03,49.08,107.16,306.23,171.145,103.08,230.33,113.91,300.94,494.276,89.48
2023-10-04,48.35,106.62,309.39,172.396,104.26,230.94,115.34,305.58,495.391,91.15
2023-10-05,48.17,105.15,309.66,173.638,102.97,222.54,114.21,304.79,500.833,92.37
2023-10-06,47.43,105.01,312.19,176.198,103.88,223.85,114.6,315.43,509.158,92.85
2023-10-09,47.22,105.76,312.01,177.687,101.84,222.58,116.81,318.36,510.806,92.68
2023-10-10,48.35,109.63,312.32,177.092,104.43,222.4,117.71,321.84,508.605,93.18
2023-10-11,48.21,108.99,312.54,178.491,102.76,217.16,117.0,327.82,508.496,91.95
2023-10-12,47.11,110.8,304.36,179.395,100.78,210.87,116.76,324.16,509.865,91.42
2023-10-13,46.52,111.98,301.83,177.548,98.3,206.92,116.45,314.69,523.312,91.48
2023-10-16,47.37,111.39,305.34,177.421,91.94,214.97,118.94,321.15,521.984,93.65
2023-10-17,47.2,112.56,308.25,175.862,86.33,212.99,120.41,324.0,520.644,94.18
2023-10-18,46.93,110.21,303.77,174.561,86.01,209.12,117.18,316.97,520.072,93.75
2023-10-19,46.59,108.36,302.94,174.183,82.37,205.99,114.78,312.81,515.775,94.42
2023-10-20,46.29,108.83,297.0,171.622,80.4,204.55,115.2,308.65,511.311,94.19
2023-10-23,45.17,107.42,294.94,171.741,78.64,205.29,113.7,314.01,506.014,94.2
2023-10-24,45.47,108.68,296.09,172.178,79.76,205.91,112.18,312.55,509.341,94.62
2023-10-25,45.37,110.36,292.68,169.855,76.76,198.91,108.88,299.53,514.396,94.0
2023-10-26,45.92,110.87,292.04,165.677,75.98,204.83,108.5,288.35,512.602,92.67
2023-10-27,45.62,107.23,290.04,166.996,71.91,207.18,107.75,296.73,509.011,92.02
2023-10-30,46.27,108.67,292.7,169.051,74.07,209.77,108.98,302.66,514.183,93.15
2023-10-31,46.35,110.79,297.09,169.527,75.96,209.43,109.25,301.27,519.586,92.24
2023-11-01,46.47,109.54,300.64,172.705,76.2,197.99,109.92,311.85,515.745,91.35
2023-11-02,47.56,111.07,308.12,176.278,71.23,207.0,112.81,310.87,520.139,100.01
2023-11-03,47.06,112.85,313.49,175.365,77.53,214.3,112.95,314.6,515.066,102.65
2023-11-06,46.58,111.05,313.09,177.926,72.07,206.02,111.49,315.8,517.548,104.03
2023-11-07,46.72,111.35,315.19,180.498,73.66,208.04,110.4,318.82,521.788,103.68
2023-11-08,46.34,109.85,317.82,181.558,71.34,206.44,113.21,319.78,520.721,104.3
2023-11-09,46.4,106.79,314.22,181.084,69.51,202.52,113.73,320.55,522.923,102.23
2023-11-10,46.95,108.33,319.69,185.287,70.05,206.18,115.35,328.77,525.068,104.33
2023-11-13,45.62,107.3,315.63,183.697,70.21,202.61,113.87,329.19,526.387,103.51
2023-11-14,47.74,110.79,320.49,186.321,74.1,215.66,118.36,336.31,524.341,105.6
2023-11-15,48.31,130.46,325.5,186.888,76.35,216.96,118.4,332.71,522.352,106.03
2023-11-16,48.33,129.94,327.32,188.577,76.55,215.48,117.81,334.19,523.72,107.21
2023-11-17,48.74,129.89,327.83,188.557,76.44,218.02,118.98,335.04,520.296,105.57
2023-11-20,48.41,129.65,330.9,190.307,78.96,220.54,117.53,339.97,519.141,104.3
2023-11-21,47.98,130.8,330.26,189.502,77.14,222.41,117.87,336.98,523.495,103.69
2023-11-22,48.01,130.5,333.13,190.168,78.17,225.86,118.05,341.49,527.542,103.44
2023-11-24,48.3,131.46,334.04,188.836,78.52,228.92,118.13,338.23,530.783,102.78
2023-11-27,47.59,131.33,332.43,188.657,77.72,231.5,118.57,334.7,527.376,102.36
2023-11-28,47.99,131.67,332.56,189.263,78.18,233.89,119.57,338.99,524.408,101.18
2023-11-29,47.09,131.32,333.34,188.241,79.01,236.62,119.52,332.2,519.024,99.85
2023-11-30,46.84,133.81,333.14,188.816,77.66,236.98,120.34,327.15,536.478,99.3
2023-12-01,48.2,134.78,338.06,190.098,79.83,241.22,120.09,324.82,532.651,99.2
2023-12-04,49.82,133.71,336.43,188.301,79.87,239.37,121.81,320.02,533.742,97.6
2023-12-05,49.94,132.88,335.83,192.266,78.28,234.36,121.04,318.29,535.668,95.54
2023-12-06,50.19,133.38,335.41,191.172,80.6,234.13,120.62,317.45,534.959,97.02
2023-12-07,51.54,135.19,335.1,193.11,79.95,233.23,120.1,326.59,533.732,96.44
2023-12-08,51.38,135.19,337.23,194.542,80.32,236.13,120.37,332.75,535.193,96.61
2023-12-11,51.24,136.76,342.31,192.027,82.0,239.65,120.38,325.28,529.264,98.12
2023-12-12,50.17,135.66,343.22,193.548,78.04,239.38,120.52,334.22,531.249,98.15
2023-12-13,52.29,138.38,343.64,196.779,78.6,244.43,122.29,334.74,534.453,98.11
2023-12-14,52.33,141.14,342.73,196.928,85.87,272.16,123.52,333.17,520.075,97.84
2023-12-15,51.81,138.37,344.15,196.391,86.01,270.18,124.45,334.92,517.037,96.75
2023-12-18,51.71,137.72,341.85,194.721,85.42,266.68,126.52,344.62,512.588,96.56
2023-12-19,51.77,139.58,341.51,195.765,89.09,269.42,126.49,350.36,510.144,97.72
2023-12-20,51.16,136.9,339.5,193.667,86.19,261.61,125.43,349.28,502.25,94.71
2023-12-21,51.66,139.37,348.75,193.519,91.16,265.31,126.67,354.09,506.095,95.33
2023-12-22,51.94,140.2,354.45,192.444,94.89,269.41,128.91,353.39,506.513,95.28
2023-12-26,52.43,141.03,353.43,191.898,97.33,275.5,128.31,354.83,506.24,95.67
2023-12-27,52.82,142.38,353.82,191.998,100.73,275.79,127.88,357.83,508.928,95.29
2023-12-28,53.67,142.54,351.59,192.424,98.79,275.35,127.58,358.32,510.982,95.93
2023-12-29,53.75,142.42,350.91,191.382,99.45,273.33,127.2,353.96,512.511,96.01
2024-01-02,55.53,143.1,346.92,184.532,112.5,267.98,127.08,346.29,525.039,93.67
2024-01-03,54.61,138.67,337.92,183.151,108.58,252.52,127.28,344.47,527.657,93.23
2024-01-04,54.16,140.25,337.09,180.824,108.66,252.97,127.25,347.12,530.957,93.55
2024-01-05,54.92,140.75,336.62,180.099,111.12,252.69,128.52,351.95,523.131,92.99
2024-01-08,54.9,141.73,340.35,184.453,115.44,261.09,126.27,358.66,522.293,94.19
2024-01-09,55.33,143.77,342.75,184.036,110.18,256.44,122.85,357.43,524.095,93.09
2024-01-10,54.5,144.09,345.33,185.079,109.46,255.27,125.08,370.47,523.385,93.5
2024-01-11,54.28,142.02,347.97,184.482,106.795,255.03,125.42,369.67,525.37,92.94
2024-01-12,54.87,140.91,356.33,184.81,105.95,248.87,126.66,374.49,507.682,91.98
2024-01-16,54.63,141.07,354.56,182.534,102.16,243.52,127.19,367.46,505.385,92.7
2024-01-17,54.31,138.74,353.65,181.589,100.35,239.17,126.56,368.37,511.021,91.77
2024-01-18,53.57,137.4,359.55,187.504,99.07,249.59,128.64,376.13,502.649,93.34
2024-01-19,53.1,138.14,363.9,190.417,99.7,249.09,127.43,383.45,490.207,93.86
2024-01-22,52.55,140.36,367.21,192.733,99.7,254.57,128.67,381.78,499.388,93.07
2024-01-23,53.36,140.88,369.86,194.015,101.92,256.09,128.5,385.2,501.85,91.97
2024-01-24,53.18,139.2,368.9,193.339,101.11,254.17,127.18,390.7,499.621,92.04
2024-01-25,54.04,142.18,371.94,193.011,102.81,256.99,129.98,393.18,480.318,92.61
2024-01-26,54.99,142.53,371.07,191.272,101.81,252.17,129.93,394.14,489.858,92.8
2024-01-29,54.66,141.52,373.35,190.586,104.84,255.93,128.19,401.02,491.162,93.8
2024-01-30,55.06,140.52,371.3,186.917,102.47,250.91,128.49,400.06,490.257,94.08
2024-01-31,54.76,139.08,363.88,183.299,101.05,239.55,126.33,390.14,498.171,93.03
2024-02-01,56.63,144.42,370.91,185.745,99.02,242.6,123.69,394.78,493.693,93.37
2024-02-02,56.36,145.49,372.95,184.742,97.5,246.48,124.33,474.99,496.701,92.99
2024-02-05,57.5,142.33,370.34,186.561,95.49,242.07,124.57,459.41,489.624,92.51
2024-02-06,55.39,144.43,364.7,188.171,100.03,242.49,126.01,454.72,497.129,95.67
2024-02-07,53.94,146.73,366.65,188.281,99.3,247.11,127.61,469.59,505.62,95.31
2024-02-08,53.97,147.4,368.48,187.196,93.66,247.12,127.18,470.0,506.3,96.59
2024-02-09,52.58,146.53,371.67,187.962,87.41,253.09,127.36,468.11,504.479,97.3
2024-02-12,52.55,149.4,367.43,186.271,89.0,259.4,126.55,468.9,503.914,95.47
2024-02-13,51.61,146.11,362.81,184.17,85.37,245.8,125.26,460.12,503.145,93.87
2024-02-14,51.98,145.03,370.98,183.284,85.95,252.96,125.74,473.28,503.233,94.07
2024-02-15,52.57,146.33,371.51,182.996,91.14,283.75,125.92,484.03,507.068,93.22
2024-02-16,53.12,149.61,369.48,181.453,88.37,275.46,124.16,473.32,507.72,93.22
2024-02-20,54.05,149.89,362.95,180.706,86.99,271.93,115.57,471.75,507.244,93.46
2024-02-21,53.67,148.79,360.91,181.463,87.59,274.43,117.9,468.03,508.13,95.02
2024-02-22,53.09,150.34,371.31,183.503,99.44,279.48,120.9,486.13,512.541,95.78
2024-02-23,53.81,151.48,377.32,181.662,96.46,274.99,120.15,484.03,513.26,95.62
2024-02-26,54.12,150.15,377.48,180.309,94.02,278.06,119.3,481.74,511.391,94.28
2024-02-27,54.13,151.99,377.91,181.772,96.2,275.78,118.73,487.05,499.807,94.13
2024-02-28,53.89,151.44,378.03,180.567,97.48,272.8,118.77,484.02,485.067,93.0
2024-02-29,54.24,152.92,374.78,179.9,92.24,279.48,119.6,490.13,480.512,94.9
2024-03-01,53.2,155.29,380.99,178.816,95.06,289.64,120.64,502.3,476.549,93.16
2024-03-04,53.38,150.49,383.71,174.277,96.0,291.65,119.96,498.19,469.092,92.46
2024-03-05,53.71,168.58,376.88,169.322,95.56,284.54,119.14,490.22,460.604,91.22
2024-03-06,53.4,173.54,380.83,168.326,98.1,287.27,121.01,496.09,460.068,91.65
2024-03-07,53.67,171.54,386.91,168.206,99.48,288.59,122.06,512.19,466.084,90.95
2024-03-08,54.11,169.72,378.17,169.928,103.03,282.59,121.26,505.95,465.762,91.06
2024-03-11,55.73,168.07,373.22,171.939,111.98,280.23,120.73,483.59,478.057,92.07
2024-03-12,55.39,167.57,380.48,172.415,110.43,285.44,121.52,499.75,478.253,92.4
2024-03-13,55.87,166.67,378.72,170.325,106.51,284.5,121.41,495.57,476.933,91.61
2024-03-14,56.05,164.31,378.21,172.187,103.46,281.77,118.89,491.83,477.909,91.66
2024-03-15,56.15,164.22,374.6,171.809,103.85,285.86,119.86,484.1,479.689,90.12
2024-03-18,56.09,167.59,372.67,172.904,104.26,285.97,117.23,496.98,476.004,91.01
2024-03-19,57.17,168.21,378.08,175.252,105.11,285.19,117.68,496.24,482.132,91.59
2024-03-20,57.7,170.46,380.44,177.83,103.08,285.81,119.57,505.52,483.021,92.6
2024-03-21,58.07,170.17,345.03,170.564,104.09,295.06,121.54,507.76,480.54,91.66
2024-03-22,58.05,168.63,337.5,171.47,105.43,291.44,121.69,509.58,478.957,90.71
2024-03-25,58.45,172.66,333.82,170.048,110.38,297.94,120.06,503.02,474.86,90.67
2024-03-26,58.17,172.64,336.39,168.912,107.41,291.38,119.94,495.89,481.145,90.36
2024-03-27,58.81,174.67,340.94,172.495,110.59,299.16,121.24,493.86,481.918,91.5
2024-03-28,58.73,177.21,346.61,170.674,106.56,301.44,121.57,485.58,483.48,91.39
2024-04-01,57.85,177.82,339.17,169.232,105.6,301.0,119.07,491.35,478.594,91.53
2024-04-02,57.6,176.24,336.46,168.046,103.61,296.5,117.6,497.37,447.751,89.3
2024-04-03,57.81,175.49,332.28,168.852,101.21,292.75,117.7,506.74,449.313,88.7
2024-04-04,59.48,172.22,330.47,168.026,102.27,292.96,116.15,510.92,445.053,87.62
2024-04-05,59.05,171.77,333.0,168.782,102.88,290.38,117.35,527.34,445.404,86.85
2024-04-08,59.09,169.7,331.8,167.659,105.14,296.87,118.29,519.25,445.659,87.195
2024-04-09,59.41,171.63,334.45,168.872,111.6,306.17,121.0,516.9,449.294,87.13
2024-04-10,58.17,171.62,324.4,166.991,107.14,299.91,118.32,519.83,439.844,85.95
2024-04-11,59.34,171.33,325.19,174.217,107.01,297.54,118.76,523.16,431.702,85.9
2024-04-12,57.78,166.12,315.4,175.72,105.14,289.68,117.65,511.9,429.241,84.92
2024-04-15,58.12,165.01,313.27,171.879,103.86,283.0,116.71,500.23,435.524,85.17
2024-04-16,58.15,163.32,313.94,168.584,103.79,280.415,115.67,499.76,458.256,85.42
2024-04-17,58.58,164.47,314.54,167.21,103.44,276.14,114.34,494.17,468.128,86.21
2024-04-18,58.87,166.58,316.0,166.255,102.0,273.03,114.76,501.8,481.995,87.15
2024-04-19,59.96,168.3,316.91,164.156,101.41,268.4,114.56,481.06,489.639,87.61
2024-04-22,60.61,167.11,317.42,165.061,104.46,271.63,114.09,481.73,480.091,88.18
2024-04-23,60.98,166.51,316.83,166.115,107.89,276.56,113.07,496.1,475.154,87.87
2024-04-24,61.32,165.34,313.54,168.226,108.85,277.53,112.87,493.5,476.248,88.75
2024-04-25,60.89,164.44,309.0,169.092,106.18,292.53,113.15,441.38,482.661,87.84
2024-04-26,60.63,164.74,308.01,168.505,107.97,297.21,113.3,443.29,484.115,88.25
2024-04-29,60.96,163.73,303.16,172.685,111.62,300.01,113.79,432.62,477.939,88.33
2024-04-30,60.65,160.98,300.91,169.529,110.31,314.56,111.31,430.17,472.73,88.49
2024-05-01,60.29,156.43,298.66,168.505,111.46,309.05,111.99,439.19,473.132,74.44
2024-05-02,60.95,158.12,300.34,172.217,125.59,312.71,113.91,441.68,481.79,74.93
2024-05-03,62.02,158.04,303.71,182.518,125.0,309.59,114.96,451.96,481.282,73.11
2024-05-06,58.5,158.35,306.06,180.856,122.13,315.79,115.64,465.68,483.169,72.9
2024-05-07,58.89,160.41,310.66,181.542,121.07,317.87,114.9,468.24,489.599,72.5
2024-05-08,59.13,159.59,311.99,181.881,121.89,319.95,116.83,472.6,491.797,73.5
2024-05-09,59.65,164.32,306.61,183.703,122.69,316.5,117.03,475.42,495.531,75.68
2024-05-10,59.65,163.13,306.33,182.436,117.31,315.8,118.33,476.2,501.181,76.11
2024-05-13,59.65,160.9,307.41,185.657,125.67,316.0,117.61,468.01,500.134,76.18
2024-05-14,60.27,158.96,306.95,186.802,128.32,320.98,117.52,471.85,502.226,75.63
2024-05-15,60.71,157.51,308.52,189.085,129.06,323.87,117.81,481.54,505.813,75.7
2024-05-16,60.93,160.65,308.0,189.205,132.68,319.86,117.64,473.23,509.449,75.28
2024-05-17,60.25,160.13,303.59,189.234,132.9,317.89,117.9,471.91,512.732,77.85
2024-05-20,60.62,156.71,305.7,190.4,141.01,320.16,118.41,468.84,505.5,77.54
2024-05-21,61.04,155.78,303.64,191.706,143.69,321.78,117.72,464.63,511.677,77.72
2024-05-22,60.3,143.27,307.11,190.26,163.33,326.98,117.2,467.78,509.527,80.72
2024-05-23,60.32,144.41,305.93,186.254,164.01,324.06,116.69,465.78,505.11,78.305
2024-05-24,59.71,145.23,300.99,189.343,166.61,327.0,117.96,478.22,496.644,78.87
2024-05-28,57.78,147.1,297.73,189.353,153.2,326.24,119.09,479.92,492.257,77.48
2024-05-29,57.37,147.74,293.77,189.652,147.92,316.93,117.82,474.36,473.727,76.88
2024-05-30,57.07,149.87,284.8,190.649,151.49,316.62,120.22,467.05,470.726,78.76
2024-05-31,57.25,156.16,282.29,191.606,142.55,312.34,120.9,466.83,484.135,80.22
2024-06-03,57.02,153.03,281.76,193.38,147.82,307.63,121.21,477.49,486.16,82.08
2024-06-04,56.74,150.55,288.06,193.699,145.34,302.77,122.34,476.99,494.027,82.79
2024-06-05,56.39,147.35,291.02,195.214,154.84,307.5,126.3,495.06,491.711,81.16
2024-06-06,56.38,145.13,291.74,193.829,154.69,307.49,125.52,493.76,490.538,81.47
2024-06-07,55.86,146.0,288.4,196.23,151.01,300.83,125.47,492.96,479.562,81.43
2024-06-10,55.95,148.52,290.43,192.473,148.59,302.6,126.81,502.6,483.774,81.6
2024-06-11,55.72,146.19,294.22,206.457,148.39,301.38,124.41,507.47,484.967,79.89
2024-06-12,54.73,146.78,285.73,212.357,147.72,304.56,125.29,508.84,481.888,79.38
2024-06-13,53.86,144.68,282.32,213.522,145.23,308.91,124.29,504.1,486.022,80.24
2024-06-14,53.97,141.16,286.71,211.778,140.03,301.37,123.39,504.16,485.846,79.65
2024-06-17,55.61,144.97,285.53,215.945,137.9,302.4,123.73,506.63,480.162,81.33
2024-06-18,55.16,142.54,285.35,213.572,133.27,295.25,124.53,499.49,472.134,80.2
2024-06-20,56.12,143.38,306.16,208.978,134.4,296.64,126.25,501.7,475.54,79.72
2024-06-21,56.3,146.13,308.98,206.795,133.4,300.01,126.42,494.78,473.647,79.91
2024-06-24,57.68,149.69,307.21,207.443,137.0,306.71,126.98,498.91,480.899,79.73
2024-06-25,57.13,146.77,307.17,208.369,137.6,306.04,126.6,510.6,475.52,79.28
2024-06-26,56.9,147.17,304.62,212.535,122.45,307.12,127.26,513.12,475.07,79.15
2024-06-27,56.44,146.72,303.19,213.382,121.18,306.99,125.99,519.56,477.425,79.235
2024-06-28,57.14,148.04,303.41,209.914,118.75,308.93,124.79,504.22,499.823,77.85
2024-07-01,57.36,145.74,302.55,216.023,115.95,306.21,120.87,504.68,485.483,77.13
2024-07-02,57.22,145.39,303.83,219.532,117.07,310.03,121.22,509.5,489.006,76.83
2024-07-03,56.6,144.8,305.75,220.808,115.95,312.85,123.85,509.96,480.812,76.26
2024-07-05,56.02,145.65,299.14,225.582,118.32,310.51,123.45,539.91,478.967,76.05
2024-07-08,56.69,148.72,299.47,227.057,116.45,314.48,119.91,529.32,480.272,74.57
2024-07-09,55.91,147.6,298.06,227.914,116.07,315.24,118.65,530.0,482.989,72.75
2024-07-10,56.43,146.11,295.44,232.2,117.44,323.81,120.57,534.69,491.647,72.51
2024-07-11,56.88,151.4,297.99,226.808,122.82,328.32,122.78,512.7,495.013,73.3
2024-07-12,57.32,152.85,310.63,229.767,121.46,325.19,119.89,498.87,502.05,74.83
2024-07-15,57.47,151.3,317.87,233.615,121.48,327.5,119.03,496.16,505.819,72.75
2024-07-16,59.07,155.01,325.0,234.034,125.14,335.76,121.6,489.79,538.698,75.51
2024-07-17,60.46,155.93,325.6,228.113,124.055,325.89,120.81,461.99,562.655,75.1
2024-07-18,60.43,152.09,328.1,223.429,121.32,323.37,120.29,475.85,553.881,74.19
2024-07-19,59.73,149.73,329.19,223.559,121.14,321.45,120.2,476.79,554.853,79.27
2024-07-22,59.51,151.02,331.51,223.21,122.5,326.57,122.97,487.4,548.179,76.55
2024-07-23,59.23,150.27,330.33,224.256,121.25,331.2,123.87,488.69,544.42,76.26
2024-07-24,59.38,146.45,328.68,217.808,118.19,322.09,124.03,461.27,549.376,74.68
2024-07-25,60.29,146.29,330.12,216.762,120.4,324.41,124.85,453.41,549.308,73.32
2024-07-26,61.01,149.0,328.46,217.23,122.11,325.98,124.18,465.7,559.162,74.05
2024-07-29,60.86,146.82,326.2,217.509,122.17,335.09,124.47,465.71,556.246,75.2
2024-07-30,60.91,147.95,329.2,218.067,118.84,348.12,124.96,463.19,565.65,75.94
2024-07-31,60.9,150.41,330.62,221.336,119.22,351.19,124.82,474.83,565.482,77.95
2024-08-01,60.76,147.02,328.08,217.629,94.17,342.58,126.48,497.74,562.154,75.11
2024-08-02,61.23,139.17,323.15,219.124,86.58,322.3,123.13,488.14,578.899,75.88
2024-08-05,62.51,133.87,313.74,208.569,83.75,317.86,121.29,475.73,559.397,73.86
2024-08-06,61.54,133.85,318.68,206.536,82.3,316.56,116.1,494.09,557.817,75.37
2024-08-07,61.14,133.47,318.02,209.117,81.55,314.65,116.93,488.92,555.59,75.29
2024-08-08,61.88,133.97,315.88,212.595,84.32,321.71,119.12,509.63,555.746,75.75
2024-08-09,61.69,135.5,315.83,215.516,84.93,319.95,119.08,517.77,548.406,75.09
2024-08-12,60.33,135.02,313.96,217.052,81.29,320.34,119.11,515.95,554.814,77.03
2024-08-13,61.17,136.66,319.33,220.784,82.9,332.12,119.29,528.54,563.598,95.9
2024-08-14,62.03,135.76,319.83,221.233,82.25,333.24,119.33,526.76,568.927,93.9
2024-08-15,62.04,141.66,325.13,224.226,86.62,343.21,119.44,537.33,568.869,94.88
2024-08-16,62.52,144.04,326.92,225.554,86.84,344.14,120.06,527.42,566.975,94.81
2024-08-19,62.47,144.63,329.44,225.394,89.96,347.02,121.3,529.28,568.053,92.3
2024-08-20,62.41,144.33,330.37,226.013,86.94,344.85,119.94,526.73,569.888,93.01
2024-08-21,63.31,159.25,333.6,225.903,86.65,345.0,122.27,535.16,567.356,92.78
2024-08-22,63.01,156.82,330.57,224.037,81.04,342.16,123.0,531.93,567.995,92.43
2024-08-23,63.46,158.5,333.27,226.342,82.44,351.62,123.05,528.0,573.679,94.02
2024-08-26,64.13,158.9,336.78,226.681,81.66,347.69,122.74,521.12,576.249,95.63
2024-08-27,63.93,158.68,340.38,227.529,78.98,346.04,122.3,519.1,576.466,98.6
2024-08-28,65.69,156.86,337.39,225.993,78.36,343.83,122.6,516.78,577.632,95.3
2024-08-29,64.65,153.42,340.21,229.285,77.59,342.27,122.17,518.22,580.607,94.86
2024-08-30,64.31,153.62,341.95,228.497,77.4,345.38,123.41,521.31,579.263,94.57
2024-09-03,64.81,151.8,341.88,222.281,72.94,330.45,123.36,511.76,587.586,93.18
2024-09-04,65.72,152.48,343.99,220.365,72.49,328.87,125.2,512.74,592.984,92.33
2024-09-05,65.13,151.9,340.93,221.892,73.44,329.04,122.53,516.86,584.454,91.56
2024-09-06,65.87,151.28,339.84,220.335,72.89,320.77,121.0,500.27,585.818,91.15
2024-09-09,65.78,150.59,341.81,220.425,76.61,327.93,122.53,504.79,583.09,92.21
2024-09-10,63.18,148.01,347.7,219.627,79.28,334.85,121.76,504.79,587.928,93.34
2024-09-11,61.65,147.29,350.31,222.171,79.51,337.44,122.87,511.83,578.821,98.2
2024-09-12,61.68,148.44,349.89,222.281,69.68,337.04,121.06,525.6,577.515,99.28
2024-09-13,61.4,151.36,349.58,222.011,68.28,337.48,120.78,524.62,583.305,98.57
2024-09-16,61.85,152.84,354.12,215.845,69.17,343.79,121.08,533.28,580.272,96.31
2024-09-17,61.8,151.96,337.04,216.314,71.99,354.52,123.7,536.315,569.261,96.44
2024-09-18,61.81,153.6,336.18,220.205,69.86,351.83,123.39,537.95,571.909,96.12
2024-09-19,61.67,156.49,335.24,228.367,68.02,363.79,125.65,559.1,568.384,96.9
2024-09-20,60.14,154.75,336.22,227.699,65.69,366.76,123.18,561.35,566.345,96.05
2024-09-23,60.42,155.29,339.21,225.973,64.14,362.39,125.51,564.41,564.779,95.48
2024-09-24,60.52,156.18,339.62,226.871,63.94,364.43,128.1,563.33,566.532,94.45
2024-09-25,57.96,155.07,337.05,225.873,63.64,364.97,127.06,568.31,567.635,95.62
2024-09-26,59.32,155.98,355.81,227.02,63.93,371.24,127.72,567.84,566.158,97.47
2024-09-27,59.69,155.18,349.7,227.29,65.75,368.6,128.93,567.36,573.092,97.36
2024-09-30,59.56,155.86,353.48,232.488,66.84,370.32,131.4,572.44,575.879,97.49
2024-10-01,59.76,152.2,351.98,225.713,63.93,364.3,128.26,576.47,574.52,97.43
2024-10-02,59.21,150.4,356.29,226.282,63.16,368.68,125.69,572.81,583.395,96.5
2024-10-03,58.07,149.6,361.24,225.174,61.07,363.89,122.57,582.77,583.828,95.56
2024-10-04,58.55,152.88,362.24,226.302,60.2,366.72,120.44,595.94,582.301,96.58
2024-10-07,58.23,149.0,356.8,221.203,58.72,365.24,119.87,584.78,574.776,96.09
2024-10-08,58.29,151.32,360.38,225.274,58.39,368.97,121.41,592.89,572.827,96.21
2024-10-09,58.28,154.33,365.08,229.036,58.86,373.5,121.26,590.51,582.321,95.88
2024-10-10,58.19,155.97,361.07,228.537,56.83,369.24,121.37,583.83,588.703,93.88
2024-10-11,58.83,158.46,360.74,227.05,58.29,375.02,123.02,589.95,589.048,95.55
2024-10-14,59.85,157.97,364.6,230.792,57.73,377.68,122.09,590.42,596.288,94.76
2024-10-15,59.87,160.69,368.66,233.336,57.31,375.3,121.35,586.27,547.917,95.04
2024-10-16,60.6,158.87,372.26,231.271,57.46,375.5,121.77,576.79,562.74,95.46
2024-10-17,59.79,155.89,375.15,231.64,54.82,373.84,121.15,576.93,557.509,95.27
2024-10-18,60.01,156.84,376.86,234.484,54.1,375.45,120.5,576.47,561.036,96.84
2024-10-21,59.18,150.91,376.03,235.961,53.8,372.59,120.24,575.16,562.868,96.45
2024-10-22,58.89,149.19,371.79,235.342,53.4,372.0,120.2,582.01,561.283,96.82
2024-10-23,58.88,148.05,370.63,230.253,53.39,368.09,119.5,563.69,556.141,97.65
2024-10-24,59.03,150.18,364.23,230.064,52.8,362.05,119.58,567.78,552.369,97.15
2024-10-25,58.67,151.16,360.8,230.902,53.09,360.09,119.84,573.25,556.063,97.31
2024-10-28,59.2,149.3,361.32,232.887,54.8,363.58,120.08,578.16,556.732,98.02
2024-10-29,58.37,147.93,363.04,233.157,55.22,384.68,119.62,593.28,553.669,97.39
2024-10-30,58.83,148.52,346.57,229.595,54.72,383.89,119.55,591.8,554.486,97.32
2024-10-31,58.59,150.04,344.82,225.414,54.36,381.97,119.0,567.58,556.003,97.7
2024-11-01,58.36,150.84,345.67,222.42,54.635,384.64,119.06,567.16,559.017,98.87
2024-11-04,58.32,149.99,343.9,221.522,53.54,377.02,120.39,560.68,549.374,97.03
2024-11-05,59.26,150.99,345.49,222.959,53.29,379.69,122.02,572.43,558.494,97.09
2024-11-06,59.16,147.29,356.13,222.231,51.81,394.02,119.41,572.05,587.708,96.08
2024-11-07,58.71,150.91,360.71,226.98,50.28,397.18,119.99,591.7,596.337,96.12
2024-11-08,59.59,149.78,355.53,226.711,46.83,399.31,120.06,589.34,606.54,97.55
2024-11-11,58.81,153.28,357.3,223.984,42.75,403.16,119.54,583.17,615.838,100.31
2024-11-12,62.66,155.65,360.61,223.984,43.47,402.69,118.75,584.82,605.417,98.8
2024-11-13,63.3,154.99,370.22,224.873,42.14,400.23,119.5,580.0,596.751,99.8
2024-11-14,64.01,153.47,362.07,227.969,39.77,394.66,120.96,577.16,584.222,99.23
2024-11-15,64.32,152.13,353.57,224.753,36.85,385.91,120.16,554.08,583.315,98.42
2024-11-18,64.54,156.56,352.79,227.77,39.51,384.28,120.33,554.4,580.774,100.4
2024-11-19,62.92,156.0,353.95,228.029,37.29,382.4,118.03,561.09,568.315,98.35
2024-11-20,63.25,121.72,357.07,228.748,36.94,384.53,118.93,565.52,591.461,98.26
2024-11-21,63.77,121.59,361.05,228.269,38.25,392.31,120.7,563.09,588.496,100.06
2024-11-22,63.77,125.01,358.66,229.618,41.11,397.19,121.32,559.14,581.976,102.5
2024-11-25,63.78,130.53,361.29,232.614,43.66,400.94,122.39,565.11,596.711,101.84
2024-11-26,63.81,126.55,363.18,234.802,42.05,402.45,121.65,573.54,597.657,100.68
2024-11-27,64.45,130.09,362.16,234.672,43.39,405.75,121.25,569.2,599.222,101.51
2024-11-29,64.5,132.31,362.37,237.069,43.06,407.0,121.64,574.32,601.016,102.46
2024-12-02,64.34,130.72,361.38,239.327,44.26,410.04,121.47,592.83,599.36,101.51
2024-12-03,64.19,131.45,352.54,242.384,42.58,406.4,121.08,613.65,596.12,101.57
2024-12-04,63.61,130.07,360.03,242.743,41.63,411.94,121.2,613.78,601.596,100.7
2024-12-05,63.7,129.17,358.13,242.773,42.94,404.98,120.45,608.93,570.256,99.23
2024-12-06,62.64,132.39,362.7,242.573,44.44,409.32,119.28,623.77,541.347,100.11
2024-12-09,62.64,135.29,359.5,246.479,45.65,411.23,120.64,613.57,554.299,99.31
2024-12-10,62.4,135.05,362.9,247.498,41.51,401.78,121.1,619.32,558.818,98.16
2024-12-11,61.92,135.98,363.84,246.219,42.86,404.17,120.4,632.68,527.515,98.42
2024-12-12,61.2,135.29,360.18,247.688,42.82,407.64,119.75,630.79,509.945,97.82
2024-12-13,60.48,134.52,358.68,247.857,41.83,403.59,118.51,620.35,514.612,97.42
2024-12-16,59.74,132.45,357.06,250.764,41.84,406.9,117.78,624.24,492.88,93.12
2024-12-17,59.4,131.6,357.3,253.202,40.76,395.0,115.92,619.44,480.046,92.09
2024-12-18,58.96,130.7,347.61,247.778,38.36,383.47,114.33,597.19,494.086,89.9
2024-12-19,58.2,130.43,372.16,249.516,39.56,385.37,112.74,595.57,483.734,88.76
2024-12-20,58.02,131.48,366.37,254.211,39.39,393.04,111.48,585.25,494.492,87.97
2024-12-23,57.83,131.92,358.77,254.99,39.59,390.65,110.5,599.85,500.631,87.44
2024-12-24,57.74,132.4,361.63,257.916,40.27,395.44,111.19,607.75,500.394,89.91
2024-12-26,58.08,136.39,360.43,258.736,40.43,396.85,111.27,603.35,505.387,91.86
2024-12-27,57.97,135.5,356.18,255.309,40.13,389.07,111.42,599.81,504.24,92.25
2024-12-30,57.14,135.05,352.49,251.923,39.38,383.85,110.8,591.24,502.075,90.58
2024-12-31,57.44,135.18,351.79,250.145,41.58,386.22,110.77,585.51,500.156,91.25
